Workbook

Sheet Résumé
A1: Lots Rare – 20 lots entre RM99 et RM279
A2: RM99–279 · en stock · livrable en Malaisie · relevé le 20/10/2026
A4: Catégorie | B4: Nb lots | C4: Prix moyen (RM) | D4: Budget (RM) | E4: En réserve
A5: Harmonica | B5: =COUNTIF(Lots!$B$2:$B$21,A5) -> 4 | C5: =IFERROR(AVERAGEIF(Lots!$B$2:$B$21,A5,Lots!$D$2:$D$21),0) -> 204.25 | D5: =SUMIF(Lots!$B$2:$B$21,A5,Lots!$D$2:$D$21) -> 817 | E5: =COUNTIF(Réserve!$B$2:$B$28,A5) -> 8
A6: K-pop | B6: =COUNTIF(Lots!$B$2:$B$21,A6) -> 5 | C6: =IFERROR(AVERAGEIF(Lots!$B$2:$B$21,A6,Lots!$D$2:$D$21),0) -> 228.6 | D6: =SUMIF(Lots!$B$2:$B$21,A6,Lots!$D$2:$D$21) -> 1143 | E6: =COUNTIF(Réserve!$B$2:$B$28,A6) -> 8
A7: Funko Pop | B7: =COUNTIF(Lots!$B$2:$B$21,A7) -> 4 | C7: =IFERROR(AVERAGEIF(Lots!$B$2:$B$21,A7,Lots!$D$2:$D$21),0) -> 188.25 | D7: =SUMIF(Lots!$B$2:$B$21,A7,Lots!$D$2:$D$21) -> 753 | E7: =COUNTIF(Réserve!$B$2:$B$28,A7) -> 2
A8: Audio | B8: =COUNTIF(Lots!$B$2:$B$21,A8) -> 3 | C8: =IFERROR(AVERAGEIF(Lots!$B$2:$B$21,A8,Lots!$D$2:$D$21),0) -> 189 | D8: =SUMIF(Lots!$B$2:$B$21,A8,Lots!$D$2:$D$21) -> 567 | E8: =COUNTIF(Réserve!$B$2:$B$28,A8) -> 4
A9: Collector | B9: =COUNTIF(Lots!$B$2:$B$21,A9) -> 4 | C9: =IFERROR(AVERAGEIF(Lots!$B$2:$B$21,A9,Lots!$D$2:$D$21),0) -> 230 | D9: =SUMIF(Lots!$B$2:$B$21,A9,Lots!$D$2:$D$21) -> 920 | E9: =COUNTIF(Réserve!$B$2:$B$28,A9) -> 5
A10: Total | B10: =SUM(B5:B9) -> 20 | C10: =IFERROR(AVERAGE(Lots!$D$2:$D$21),0) -> 210 | D10: =SUM(D5:D9) -> 4200 | E10: =SUM(E5:E9) -> 27
A12: Méthode
A13: • Prix = prix article affiché sur la boutique, hors frais de port.
A14: • Stock : disponibilité lue sur la boutique (données produit ou fiche), pas de précommande.
A15: • Onglet « Réserve » : produits valides en plus, pour remplacer un article épuisé.
A16: • Les stocks bougent vite (souvent 1–3 exemplaires) : revérifier au moment de commander.

Sheet Lots
A1: N° | B1: Catégorie | C1: Produit | D1: Prix (RM) | E1: Lien | F1: Boutique | G1: Pays boutique | H1: Livraison Malaisie | I1: Stock vérifié | J1: Notes
A2: 1 | B2: Harmonica | C2: Hohner – Marine Band 1896 Classic diatonic harmonica (key of C) | D2: 239 | E2: https://musicworld.com.my/products/hohner-marine-band-1896-harmonica-10-hole-mouth-organ-french-harp-made-in-germany | F2: LBS Music World (Penang; authorised Hohner dealer/distributor in Malaysia) | G2: Malaysia | H2: Ships within Malaysia from Penang; site advertises free shipping (T&Cs apply) | I2: Shopify product JSON: variant 'C' available=true at RM239.00 MYR (A/F/G sold out) - 2026-10-20 | J2: The iconic Hohner since 1896, made in Germany, 10 holes, pearwood comb. Select variant C at checkout. Also available in D/E/Bb.
A3: 2 | B3: Harmonica | C3: Hohner – Pro Harp MS diatonic harmonica (key of C, M564016P) | D3: 204 | E3: https://bentleymusic.com/product/m564016p-c/ | F3: Bentley Music (Mutiara Damansara, Petaling Jaya) | G3: Malaysia | H3: Ships within Malaysia; Bentley: FREE delivery on orders of RM100 and above (except promotional items) | I3: Product page: schema.org availability InStock + 'Add to cart' button; sale price shown 'Current price is RM204.00' (15% off list RM240) - 2026-10-20 | J3: Black-coated covers, pro-level Hohner MS series, key of C. Also in stock in D/G/A.
A4: 3 | B4: Harmonica | C4: Suzuki – Promaster MR-350 diatonic harmonica (key of D) | D4: 195.5 | E4: https://bentleymusic.com/product/mr350-d/ | F4: Bentley Music (Mutiara Damansara, Petaling Jaya) | G4: Malaysia | H4: Ships within Malaysia; Bentley: FREE delivery on orders of RM100 and above (except promotional items) | I4: Product page: schema.org availability InStock + 'Add to cart' button; sale price shown 'Current price is RM195.50' (15% off list RM230) - 2026-10-20 | J4: Suzuki's flagship pro model (anodised aluminium comb). Key of C out of stock; D/A/B/E in stock.
A5: 4 | B5: Harmonica | C5: Suzuki – Manji M-20 diatonic harmonica (key of D) | D5: 178.5 | E5: https://bentleymusic.com/product/suz-m20d/ | F5: Bentley Music (Mutiara Damansara, Petaling Jaya) | G5: Malaysia | H5: Ships within Malaysia; Bentley: FREE delivery on orders of RM100 and above (except promotional items) | I5: Product page: schema.org availability InStock + 'Add to cart' button; sale price shown 'Current price is RM178.50' (15% off list RM210) - 2026-10-20 | J5: Suzuki Manji with composite wood/resin comb, much loved by blues players. C out of stock; D and E in stock.
A6: 5 | B6: K-pop | C6: BLACKPINK – Official Lightstick Ver.2 | D6: 199 | E6: https://xduniverse.com.my/products/blackpink-official-lightstick-ver-2 | F6: XD Universe (Subang Jaya, Selangor) | G6: Malaysia | H6: Ships from Malaysia, same day or next day after purchase (per product description) | I6: Shopify product JSON: available=true at RM199.00 MYR; description: 'Ship from Malaysia, ready stock' (not tagged pre-order) (variant 'Without POB Photocard'; the RM229 POB variant is sold out) - 2026-10-20 | J6: Official YG 'Bl-ping-bong' Ver.2; choose 'Without POB Photocard' variant.
A7: 6 | B7: K-pop | C7: Stray Kids – Official Lightstick Ver.2 | D7: 245 | E7: https://xduniverse.com.my/products/stray-kids-official-lightstick-ver-2 | F7: XD Universe (Subang Jaya, Selangor) | G7: Malaysia | H7: Ships from Malaysia, same day or next day after purchase (per product description) | I7: Shopify product JSON: available=true at RM245.00 MYR; description: 'Ship from Malaysia, ready stock' (not tagged pre-order) - 2026-10-20 | J7: Official JYP 'Nachimbong' Ver.2.
A8: 7 | B8: K-pop | C8: TWICE – Official Lightstick (Candybong) | D8: 215 | E8: https://xduniverse.com.my/products/twice-official-lightstick | F8: XD Universe (Subang Jaya, Selangor) | G8: Malaysia | H8: Ships from Malaysia, same day or next day after purchase (per product description) | I8: Shopify product JSON: available=true at RM215.00 MYR; description: 'Ship from Malaysia, ready stock' (not tagged pre-order) - 2026-10-20 | J8: Official JYP Candybong.
A9: 8 | B9: K-pop | C9: SEVENTEEN – 10th Anniversary Official Lightstick | D9: 239 | E9: https://xduniverse.com.my/products/seventeen-10th-anniversary-official-lightstick | F9: XD Universe (Subang Jaya, Selangor) | G9: Malaysia | H9: Ships from Malaysia, same day or next day after purchase (per product description) | I9: Shopify product JSON: available=true at RM239.00 MYR; description: 'Ship from Malaysia, ready stock' (not tagged pre-order) - 2026-10-20 | J9: Limited 10th-anniversary Caratbong edition.
A10: 9 | B10: K-pop | C10: ENHYPEN – Official Lightstick | D10: 245 | E10: https://xduniverse.com.my/products/enhypen-official-lightstick | F10: XD Universe (Subang Jaya, Selangor) | G10: Malaysia | H10: Ships from Malaysia, same day or next day after purchase (per product description) | I10: Shopify product JSON: available=true at RM245.00 MYR; description: 'Ship from Malaysia, ready stock' (not tagged pre-order) - 2026-10-20 | J10: Official BELIFT LAB lightstick (ordered from Weverse Shop).
A11: 10 | B11: Funko Pop | C11: Funko Pop! Rocks – Blink-182 'What's My Age Again?' 3-Pack | D11: 240 | E11: https://legendarytoys.my/wp/product/funko-pop-blink-182-whats-my-age-again-3-pack/ | F11: Legendary Toys (Amcorp Mall, Petaling Jaya) | G11: Malaysia | H11: Ships within Malaysia (Legendary Toys online store / pickup Amcorp Mall) | I11: WooCommerce Store API: is_in_stock=true, stock_availability 'Available' (class in-stock), category 'Instock' (not PreOrder/BackOrder), RM240.00 MYR - 2026-10-20 | J11: 3 figures (Mark, Tom, Travis) from the iconic naked-running video.
A12: 11 | B12: Funko Pop | C12: Funko Pop! Rocks – Green Day 'Basket Case' bundle of 3 (Billie Joe, Mike Dirnt, Tré Cool) | D12: 195 | E12: https://www.sheldonet.shop/product/funko-pop-rocks-green-day-basket-case-bundle-of-3 | F12: Sheldonet Toy Store (official Funko distributor, Malaysia) | G12: Malaysia | H12: Ships within Malaysia (Sheldonet) | I12: page collection enregistrée par le client le 20/10/2026, sans badge Sold Out - 2026-10-20 | J12: Bundle of the 3 Basket Case Pops. Sheldonet blocks automated access: price/stock from client's saved page, not re-verified by script.
A13: 12 | B13: Funko Pop | C13: Funko Pop! Rocks – Daft Punk 'Discovery Era' 2-Pack | D13: 188 | E13: https://axtoyscentury.com/product_detail.php?id=2471 | F13: AxToysCentury (Kuala Lumpur) | G13: Malaysia | H13: Ships within Malaysia from KL | I13: Product page shows 'In-Stock' badge + 'Add to Cart' button, RM188.00 - 2026-10-20 | J13: Thomas Bangalter + Guy-Manuel in Discovery-era helmets. (Daft Punk 'Alive' 2-Pack on same site is Sold Out.)
... A21: 20 | B21: Collector | C21: Metallica – Master of Puppets 'Battery Brick' coloured vinyl | D21: 220 | E21: https://umusic.my/products/master-of-puppets-battery-brick-vinyl | F21: Universal Music Malaysia (official store, umusic.my) | G21: Malaysia | H21: Ships within Malaysia from Universal Music Malaysia's official online store | I21: Shopify product JSON: available=true at RM220.00 MYR (shop currency MYR; no pre-order wording) - 2026-10-20 | J21: Custom coloured-vinyl reissue (Battery Brick red).

Sheet Réserve
A1: N° | B1: Catégorie | C1: Produit | D1: Prix (RM) | E1: Lien | F1: Boutique | G1: Pays boutique | H1: Livraison Malaisie | I1: Stock vérifié | J1: Notes
A2: 1 | B2: Harmonica | C2: Hohner – Special 20 diatonic harmonica (key of D, M560036P) | D2: 187 | E2: https://bentleymusic.com/product/m560036p/ | F2: Bentley Music (Mutiara Damansara, Petaling Jaya) | G2: Malaysia | H2: Ships within Malaysia; Bentley: FREE delivery on orders of RM100 and above (except promotional items) | I2: Product page: schema.org availability InStock + 'Add to cart' button; sale price shown 'Current price is RM187.00' (15% off list RM220) - 2026-10-20 | J2: The best-selling Hohner blues harp (plastic comb, airtight). C out of stock at Bentley; D/G/A in stock. Alt: DOREMi Online Special 20 key E RM200 in stock.
A3: 2 | B3: Harmonica | C3: Hohner – Blues Harp MS diatonic harmonica (key of D, M533036P) | D3: 187 | E3: https://bentleymusic.com/product/m533036p-d/ | F3: Bentley Music (Mutiara Damansara, Petaling Jaya) | G3: Malaysia | H3: Ships within Malaysia; Bentley: FREE delivery on orders of RM100 and above (except promotional items) | I3: Product page: schema.org availability InStock + 'Add to cart' button; sale price shown 'Current price is RM187.00' (15% off list RM220) - 2026-10-20 | J3: Classic Hohner Blues Harp (MS system), key of D (G also in stock). Alt: DOREMi Online Blues Harp B/E RM195.
A4: 3 | B4: Harmonica | C4: Suzuki – Promaster Hammond HA-20 diatonic harmonica (key of A) | D4: 209 | E4: https://www.recomusic.com.my/products/suzuki-ha-20-promaster-hammond-diatonic-harmonica-key-of-a-10-holes | F4: Reco Music (Malaysia) | G4: Malaysia | H4: Ships within Malaysia (Reco Music online store) | I4: Shopify product JSON: available=true, RM209.00 MYR (shop currency MYR) - 2026-10-20 | J4: Suzuki x Hammond collab model with Hammond-branded covers. Key of A. Bentley also has HA-20 in D/G/A at RM195.50.
A5: 4 | B5: Harmonica | C5: Suzuki – Olive C-20 diatonic harmonica (key of D) | D5: 195.5 | E5: https://bentleymusic.com/product/suz-c20d/ | F5: Bentley Music (Mutiara Damansara, Petaling Jaya) | G5: Malaysia | H5: Ships within Malaysia; Bentley: FREE delivery on orders of RM100 and above (except promotional items) | I5: Product page: schema.org availability InStock + 'Add to cart' button; sale price shown 'Current price is RM195.50' (15% off list RM230) - 2026-10-20 | J5: Suzuki Olive with olive-green comb, smooth tone. Also A/G in stock.
A6: 5 | B6: Harmonica | C6: Suzuki – Overdrive MR-300 diatonic harmonica (key of A) | D6: 195.5 | E6: https://bentleymusic.com/product/suz-mr300a/ | F6: Bentley Music (Mutiara Damansara, Petaling Jaya) | G6: Malaysia | H6: Ships within Malaysia; Bentley: FREE delivery on orders of RM100 and above (except promotional items) | I6: Product page: schema.org availability InStock + 'Add to cart' button; sale price shown 'Current price is RM195.50' (15% off list RM230) - 2026-10-20 | J6: Suzuki 'Overdrive' with unusual vented covers designed for overblows. Also key of D in stock.
A7: 6 | B7: Harmonica | C7: Suzuki – Bluesmaster MR-250 diatonic harmonica (key of C) | D7: 136 | E7: https://bentleymusic.com/product/suz-mr250c/ | F7: Bentley Music (Mutiara Damansara, Petaling Jaya) | G7: Malaysia | H7: Ships within Malaysia; Bentley: FREE delivery on orders of RM100 and above (except promotional items) | I7: Product page: schema.org availability InStock + 'Add to cart' button; sale price shown 'Current price is RM136.00' (15% off list RM160) - 2026-10-20 | J7: Key of C (black comb for C). Lower-end of range but genuine branded Suzuki; B/D/E also in stock.
A8: 7 | B8: Harmonica | C8: Hohner – Big River Harp MS diatonic harmonica (key of C, M590016P) | D8: 136 | E8: https://bentleymusic.com/product/m590016p/ | F8: Bentley Music (Mutiara Damansara, Petaling Jaya) | G8: Malaysia | H8: Ships within Malaysia; Bentley: FREE delivery on orders of RM100 and above (except promotional items) | I8: Product page: schema.org availability InStock + 'Add to cart' button; sale price shown 'Current price is RM136.00' (15% off list RM160) - 2026-10-20 | J8: Hohner MS series, key of C. Backup option.
A9: 8 | B9: Harmonica | C9: Suzuki – SU-21 Special 21-hole tremolo harmonica (key of C) | D9: 153 | E9: https://bentleymusic.com/product/suz-su21sp-n-c/ | F9: Bentley Music (Mutiara Damansara, Petaling Jaya) | G9: Malaysia | H9: Ships within Malaysia; Bentley: FREE delivery on orders of RM100 and above (except promotional items) | I9: Product page: schema.org availability InStock + 'Add to cart' button; sale price shown 'Current price is RM153.00' (15% off list RM180) - 2026-10-20 | J9: Tremolo (Asian-style) harmonica, key of C, popular in Malaysia/Asia. Backup option.
A10: 9 | B10: K-pop | C10: aespa – Official Lightstick Ver.2 | D10: 229 | E10: https://xduniverse.com.my/products/aespa-official-lightstick | F10: XD Universe (Subang Jaya, Selangor) | G10: Malaysia | H10: Ships from Malaysia, same day or next day after purchase (per product description) | I10: Shopify product JSON: available=true at RM229.00 MYR; description: 'Ship from Malaysia, ready stock' (not tagged pre-order) - 2026-10-20 | J10: Official SM lightstick Ver.2.
A11: 10 | B11: K-pop | C11: LE SSERAFIM – Official Lightstick | D11: 239 | E11: https://xduniverse.com.my/products/lessearfim-official-lightstick | F11: XD Universe (Subang Jaya, Selangor) | G11: Malaysia | H11: Ships from Malaysia, same day or next day after purchase (per product description) | I11: Shopify product JSON: available=true at RM239.00 MYR; description: 'Ship from Malaysia, ready stock' (not tagged pre-order); title block '[READY STOCK]' - 2026-10-20 | J11: Official SOURCE MUSIC lightstick.
A12: 11 | B12: K-pop | C12: IVE – Official Lightstick Ver.2 | D12: 210 | E12: https://xduniverse.com.my/products/pre-order-ive-official-lightstick-ver-2 | F12: XD Universe (Subang Jaya, Selangor) | G12: Malaysia | H12: Ships from Malaysia, same day or next day after purchase (per product description) | I12: Shopify product JSON: available=true at RM210.00 MYR; description: 'Ship from Malaysia, ready stock' (not tagged pre-order) (URL handle still contains 'pre-order' from launch, but title/description now say ready stock) - 2026-10-20 | J12: Official Starship lightstick Ver.2. Double-check at order time because of the legacy 'pre-order' handle.
A13: 12 | B13: K-pop | C13: ATEEZ – Official Light Stick Ver.3 | D13: 219 | E13: https://xduniverse.com.my/products/ateez-official-light-stick-ver-3 | F13: XD Universe (Subang Jaya, Selangor) | G13: Malaysia | H13: Ships from Malaysia, same day or next day after purchase (per product description) | I13: Shopify product JSON: available=true at RM219.00 MYR; description: 'Ship from Malaysia, ready stock' (not tagged pre-order) - 2026-10-20 | J13: Official KQ lightstick Ver.3.
... A28: 27 | B28: Collector | C28: Wicked: For Good – The Soundtrack, Zoetrope Vinyl (2-disc, 4-sided) | D28: 220 | E28: https://umusic.my/products/wicked-for-good-the-soundtrack-zoetrope-vinyl | F28: Universal Music Malaysia (official store, umusic.my) | G28: Malaysia | H28: Ships within Malaysia from Universal Music Malaysia's official online store | I28: Shopify product JSON: available=true at RM220.00 MYR (shop currency MYR; no pre-order wording) - 2026-10-20 | J28: Animated zoetrope picture discs - very visual 'wow' item.
